Case,text,actual_label,baseline_prediction,transformer_prediction,baseline_correct,transformer_correct,category,error_analysis
F1,suma kaththaatha da sound over a pooda kudaathu pa s3 1 month oda stop aakidum then bairavaa da aaddchi than kaththi kaththi thondaiya kilikatha pa,Offensive_Untargetede,Offensive_Targeted_Insult_Individual,Offensive_Targeted_Insult_Group,False,False,Both Wrong,The sentence is heavily code-mixed and uses transliterated Tamil with colloquial expressions and film references. The intended offensive category depends on interpreting the surrounding context and the target of the expressions. Both models identify an offensive interpretation but assign incorrect targeted categories.
F2,ஆனவக் கொலைகள் நடக்காவிடில்...நம் அடையாளம் அளிக்கப்படும்... இயக்குனருக்கு வாழ்த்துக்கள்...தமிழ்நாடு முத்தரையர்கள்,Offensive_Targeted_Insult_Group,Not_offensive,Not_offensive,False,False,Both Wrong,"The comment is written in Tamil script and contains references to killings, identity, and a social group. Its interpretation depends strongly on the surrounding social context. Both models predict non-offensive, while the dataset annotation assigns a targeted group-insult category."
F3,Power ranger megazord niyabagam vantha hit like,Offensive_Untargetede,Not_offensive,Not_offensive,False,False,Both Wrong,The comment is very short and informal and refers to the Power Rangers Megazord before asking users to like the content. There is little explicit linguistic information indicating the annotated offensive category. Both models therefore predict non-offensive.
F4,0:28 Shaktimaan Parle-G Biscuit SaptuNaanum sinna vayasula jump panni parakka try pannirukken 90's Pasanga Da 🤣,Offensive_Untargetede,Not_offensive,Offensive_Targeted_Insult_Group,False,False,Both Wrong,"The comment combines transliterated Tamil, English, a film-character reference, childhood nostalgia, and an emoji. Its meaning is largely conversational and humorous, while the dataset assigns an offensive category. Both models fail to recover the annotated interpretation from the available text."
F5,எவனுக்கும் அடங்க மாட்டோம்... எவளுக்கும் மயங்க மாட்டோம்🤙... # நாடக காதல் # கும்பல்களை வேரோடு அழிக்க வந்த # திரௌபதி படத்திற்கு.. தேவேந்திர குல வேளாளர் சார்பாக வாழ்த்துக்கள்.,Offensive_Targeted_Insult_Group,Not_offensive,Not_offensive,False,False,Both Wrong,"The comment contains colloquial Tamil, hashtags, a movie reference, and references to social groups. The intended interpretation depends on social and contextual information rather than only individual words. Both models predict non-offensive despite the dataset assigning a targeted group-insult category."
F6,Movie yachum nailla eruka nu papom,Offensive_Untargetede,Not_offensive,Not_offensive,False,False,Both Wrong,This is a very short Romanized Tamil sentence with informal spelling. The non-standard transliteration and limited context provide few reliable lexical cues for classification. Both models predict non-offensive although the dataset label is an untargeted offensive category.
F7,nice aana teaser starting laa vandha dialogue mgr sir engaveetu Pillai la padina naan anai etal ooda middle lines laa...,Offensive_Targeted_Insult_Other,Not_offensive,Not_offensive,False,False,Both Wrong,"The comment contains transliterated Tamil, English words, a film reference, and informal abbreviated expressions. Its interpretation requires understanding the conversational context rather than relying only on individual words. Both models predict non-offensive although the dataset assigns a targeted insult category."
F8,Yannada trailer idhu yadho oruthava family la nadakkura kadhaiya yaduthu vachirukka,Offensive_Untargetede,Not_offensive,Offensive_Untargetede,False,True,Transformer Correct - Baseline Wrong,"The comment is an informal transliterated Tamil statement criticizing a trailer. The baseline predicts an untargeted offensive category, whereas the Transformer predicts non-offensive, matching the dataset label. The baseline appears to be more affected by negative or critical surface wording without correctly interpreting the overall context."
F9,Dai unmaiyanumea marana kattu katuvega pola,Offensive_Untargetede,Not_offensive,Offensive_Untargetede,False,True,Transformer Correct - Baseline Wrong,"The sentence is a short Romanized Tamil expression containing colloquial and emphatic language. The baseline predicts an offensive category, while the Transformer predicts non-offensive and matches the dataset label. This indicates that the informal expression can resemble offensive language to a surface-based classifier even when the overall sentence is annotated as non-offensive."
F10,🤣🤣🤣 video ku dislike pottavangalam vanthu Inka oru like ah thatti vitutu ponga,Offensive_Targeted_Insult_Other,Offensive_Untargetede,Offensive_Untargetede,False,False,Both Wrong,"The comment uses laughing emojis and informal Romanized Tamil-English language while discussing users disliking and liking a video. Both models predict untargeted offensive language, whereas the dataset assigns a targeted insult toward another entity. The main error is therefore determining the target and type of the offensive expression."
F11,கோமாளி90'பசங்க வெறித்தனம் இந்த படத்துல தெரியும் டா90'பசங்களோட வலி அப்போ. இப்போ,Not_offensive,Not_offensive,Offensive_Targeted_Insult_Group,True,False,Baseline Correct - Transformer Wrong,"The comment contains colloquial Tamil, a reference to a group of people, and an informal expression describing their behaviour. The dataset labels it as non-offensive, but the Transformer predicts a targeted group insult. The model may be interpreting the group-related wording as offensive without sufficiently considering the overall positive or descriptive context."
F12,Aathi kanithan 2 paatha maarilla iruku...,Offensive_Targeted_Insult_Individual,Offensive_Untargetede,Not_offensive,False,False,Both Wrong,"The sentence is a short transliterated Tamil comment with informal spelling and limited context. The baseline predicts an untargeted offensive category, while the Transformer predicts non-offensive. The Transformer therefore misses the dataset's offensive annotation, while the baseline detects offensiveness but assigns the wrong category."
F13,"Vjs, udanbu veengittu varuthu, 45 vayadhu mathiri theriyuthu,. Nallave ille, middle age RO ok a chose pannu",Not_offensive,Offensive_Targeted_Insult_Individual,Not_offensive,False,True,Transformer Correct - Baseline Wrong,"The comment contains transliterated Tamil and English and expresses a negative opinion about a person's appearance and age. The baseline interprets the negative wording as a targeted individual insult, whereas the Transformer predicts non-offensive and matches the dataset label. This illustrates the difficulty of distinguishing criticism from the specific offensive categories used in the dataset."
F14,Vaa thalaiva..ENPT ku serthu idhula bangam pandrom..!!,Offensive_Untargetede,Not_offensive,Not_offensive,False,False,Both Wrong,"The comment is a short, highly informal Romanized Tamil-English expression containing a positive or emphatic reaction and a film reference. Both models predict non-offensive, while the dataset assigns an untargeted offensive category. The short context and colloquial language make the annotated distinction difficult to infer from surface text."
F15,"Ennathu ithu konjam kuda sense illama,pakkum pothu kudava ungalukku antha ponnu j.j konjam kuda match agalanu thonala...waste of time",Offensive_Targeted_Insult_Group,Offensive_Targeted_Insult_Individual,Not_offensive,False,False,Both Wrong,"The comment contains strong negative evaluation, informal Romanized Tamil, and criticism of a female character or person. The baseline predicts a targeted individual insult, while the Transformer predicts non-offensive. The models disagree on whether the negative evaluation constitutes an offensive expression and also fail to reproduce the dataset's targeted-group annotation."
F16,trailerna ithu trailer pakka mass & class like muyal vegham dislike Aamai vegham dear hatter's Uusshh |,Not_offensive,Offensive_Untargetede,Offensive_Untargetede,False,False,Both Wrong,The comment mixes English and transliterated Tamil and contains words such as 'dislike' and 'hatter's' together with positive expressions about the trailer. The presence of potentially negative lexical cues may lead the models toward an offensive prediction even though the dataset label is non-offensive. Both models make the same untargeted-offensive prediction.
F17,Sivakarthikeyana vida Action king than neraiya edathula vararu,Offensive_Targeted_Insult_Individual,Offensive_Targeted_Insult_Individual,Not_offensive,True,False,Baseline Correct - Transformer Wrong,"The sentence compares two actors and contains an evaluative statement about their screen presence. The baseline predicts the same targeted-individual category as the dataset, while the Transformer predicts non-offensive. This shows a disagreement over whether the comparative statement should be treated as an offensive targeted comment."
F18,intha Diwali ku iruku aaaappppu iruku..but yarukunu na sollamata,Offensive_Targeted_Insult_Other,Not_offensive,Not_offensive,False,False,Both Wrong,"The sentence is a short Romanized Tamil comment using an emphatic expression and an indirect reference to an unspecified person. Both models predict non-offensive, whereas the dataset assigns a targeted-other offensive category. The indirect target and lack of explicit offensive vocabulary make the intended category difficult to identify."
